,Non-existing,False information,Incomplete info,hallucination,redundant,vague,missing,good
DaringWookiee,0.3408450704225352,0.12112676056338029,0.028169014084507043,0.2647887323943662,0.12394366197183099,0.15492957746478872,0.0,0.2647887323943662
FearlessBodhi,0.2897196261682243,0.308411214953271,0.12149532710280374,0.028037383177570093,0.009345794392523364,0.009345794392523364,0.27102803738317754,0.308411214953271
GPTpipeline,0.25125628140703515,0.06281407035175879,0.032663316582914576,0.16080402010050251,0.19095477386934673,0.09798994974874371,0.0,0.34673366834170855
